x_acc,y_acc,z_acc,time
0.59048635,2.2082639,2.3822234,1694890248653

