x_acc,y_acc,z_acc,time
1.4723366,1.8246832,-0.036733,1694890248707
-0.11472732,0.05395794,0.02772206,1694890248762

